<!--
Licensed to the Apache Software Foundation (ASF) under one or more
contributor license agreements.  See the NOTICE file distributed with
this work for additional information regarding copyright ownership.
The ASF licenses this file to You under the Apache License, Version 2.0
(the "License"); you may not use this file except in compliance with
the License.  You may obtain a copy of the License at

     http://www.apache.org/licenses/LICENSE-2.0

Unless required by applicable law or agreed to in writing, software
distributed under the License is distributed on an "AS IS" BASIS,
WITHOUT WARRANTIES OR CONDITIONS OF ANY KIND, either express or implied.
See the License for the specific language governing permissions and
limitations under the License.
-->
<assembly xmlns="http://maven.apache.org/ASSEMBLY/2.1.0"
  xmlns:xsi="http://www.w3.org/2001/XMLSchema-instance"
  xsi:schemaLocation="http://maven.apache.org/ASSEMBLY/2.1.0 http://maven.apache.org/xsd/assembly-2.1.0.xsd">
  <!-- Use this ID so that we get the same output artifact name as when we used the built in descriptorRef -->
  <id>jar-with-dependencies</id>
  <formats>
    <format>jar</format>
  </formats>
  <includeBaseDirectory>false</includeBaseDirectory>
  <fileSets>
    <fileSet>
      <directory>src/main/resources-for-jar-with-deps/META-INF</directory>
      <outputDirectory>META-INF</outputDirectory>
    </fileSet>
  </fileSets>
  <dependencySets>
    <dependencySet>
      <outputDirectory>/</outputDirectory>
      <unpack>true</unpack>
      <unpackOptions>
        <excludes>
          <!-- Rely on our curated aggregate LICENSE/NOTICE rather than one from some particular dependency -->
          <exclude>META-INF/LICENSE*</exclude>
          <exclude>META-INF/NOTICE*</exclude>
        </excludes>
      </unpackOptions>
      <scope>runtime</scope>
    </dependencySet>
  </dependencySets>
</assembly>
