<?xml version="1.0" encoding="UTF-8"?>
<!--
  Licensed to the Apache Software Foundation (ASF) under one or more
  contributor license agreements.  See the NOTICE file distributed with
  this work for additional information regarding copyright ownership.
  The ASF licenses this file to You under the Apache License, Version 2.0
  (the "License"); you may not use this file except in compliance with
  the License.  You may obtain a copy of the License at

      http://www.apache.org/licenses/LICENSE-2.0

  Unless required by applicable law or agreed to in writing, software
  distributed under the License is distributed on an "AS IS" BASIS,
  WITHOUT WARRANTIES OR CONDITIONS OF ANY KIND, either express or implied.
  See the License for the specific language governing permissions and
  limitations under the License.
  -->
<project xsi:schemaLocation="http://maven.apache.org/POM/4.0.0 https://maven.apache.org/xsd/maven-4.0.0.xsd" xmlns="http://maven.apache.org/POM/4.0.0"
    xmlns:xsi="http://www.w3.org/2001/XMLSchema-instance">
  <modelVersion>4.0.0</modelVersion>
  <groupId>org.apache.dubbo</groupId>
  <artifactId>dubbo-common</artifactId>
  <version>3.2.14-SNAPSHOT</version>
  <name>dubbo-common</name>
  <description>The common module of dubbo project</description>
  <url>https://github.com/apache/dubbo/dubbo-common</url>
  <inceptionYear>2011</inceptionYear>
  <organization>
    <name>The Apache Software Foundation</name>
    <url>http://www.apache.org/</url>
  </organization>
  <licenses>
    <license>
      <name>Apache License, Version 2.0</name>
      <url>http://www.apache.org/licenses/LICENSE-2.0</url>
      <distribution>repo</distribution>
    </license>
  </licenses>
  <developers>
    <developer>
      <id>dubbo.io</id>
      <name>The Dubbo Project Contributors</name>
      <email>dev-subscribe@dubbo.apache.org</email>
      <url>http://dubbo.apache.org/</url>
    </developer>
  </developers>
  <mailingLists>
    <mailingList>
      <name>Development List</name>
      <subscribe>dev-subscribe@dubbo.apache.org</subscribe>
      <unsubscribe>dev-unsubscribe@dubbo.apache.org</unsubscribe>
      <post>dev@dubbo.apache.org</post>
    </mailingList>
    <mailingList>
      <name>Commits List</name>
      <subscribe>commits-subscribe@dubbo.apache.org</subscribe>
      <unsubscribe>commits-unsubscribe@dubbo.apache.org</unsubscribe>
      <post>commits@dubbo.apache.org</post>
    </mailingList>
    <mailingList>
      <name>Issues List</name>
      <subscribe>issues-subscribe@dubbo.apache.org</subscribe>
      <unsubscribe>issues-unsubscribe@dubbo.apache.org</unsubscribe>
      <post>issues@dubbo.apache.org</post>
    </mailingList>
  </mailingLists>
  <scm>
    <connection>scm:git:https://github.com/apache/dubbo.git/dubbo-common</connection>
    <developerConnection>scm:git:https://github.com/apache/dubbo.git/dubbo-common</developerConnection>
    <url>https://github.com/apache/dubbo/dubbo-common</url>
  </scm>
  <issueManagement>
    <system>Github Issues</system>
    <url>https://github.com/apache/dubbo/issues</url>
  </issueManagement>
  <distributionManagement>
    <repository>
      <id>apache.releases.https</id>
      <name>Apache Release Distribution Repository</name>
      <url>https://repository.apache.org/service/local/staging/deploy/maven2</url>
    </repository>
    <snapshotRepository>
      <id>apache.snapshots.https</id>
      <name>Apache Development Snapshot Repository</name>
      <url>https://repository.apache.org/content/repositories/snapshots</url>
    </snapshotRepository>
  </distributionManagement>
  <dependencies>
    <dependency>
      <groupId>org.slf4j</groupId>
      <artifactId>slf4j-api</artifactId>
      <version>1.7.36</version>
      <scope>provided</scope>
    </dependency>
    <dependency>
      <groupId>commons-logging</groupId>
      <artifactId>commons-logging</artifactId>
      <version>1.3.2</version>
      <scope>provided</scope>
    </dependency>
    <dependency>
      <groupId>log4j</groupId>
      <artifactId>log4j</artifactId>
      <version>1.2.17</version>
      <scope>provided</scope>
    </dependency>
    <dependency>
      <groupId>org.apache.logging.log4j</groupId>
      <artifactId>log4j-api</artifactId>
      <version>2.23.1</version>
      <scope>provided</scope>
    </dependency>
    <dependency>
      <groupId>org.apache.logging.log4j</groupId>
      <artifactId>log4j-core</artifactId>
      <version>2.23.1</version>
      <scope>provided</scope>
    </dependency>
    <dependency>
      <groupId>org.javassist</groupId>
      <artifactId>javassist</artifactId>
      <version>3.30.2-GA</version>
      <scope>compile</scope>
    </dependency>
    <dependency>
      <groupId>com.alibaba</groupId>
      <artifactId>fastjson</artifactId>
      <version>1.2.83</version>
      <scope>compile</scope>
      <optional>true</optional>
    </dependency>
    <dependency>
      <groupId>com.google.code.gson</groupId>
      <artifactId>gson</artifactId>
      <version>2.11.0</version>
      <scope>compile</scope>
      <optional>true</optional>
    </dependency>
    <dependency>
      <groupId>com.fasterxml.jackson.core</groupId>
      <artifactId>jackson-core</artifactId>
      <version>2.17.1</version>
      <scope>compile</scope>
      <optional>true</optional>
    </dependency>
    <dependency>
      <groupId>com.fasterxml.jackson.core</groupId>
      <artifactId>jackson-databind</artifactId>
      <version>2.17.1</version>
      <scope>compile</scope>
      <optional>true</optional>
    </dependency>
    <dependency>
      <groupId>com.fasterxml.jackson.datatype</groupId>
      <artifactId>jackson-datatype-jsr310</artifactId>
      <version>2.17.1</version>
      <scope>compile</scope>
      <optional>true</optional>
    </dependency>
    <dependency>
      <groupId>com.alibaba.fastjson2</groupId>
      <artifactId>fastjson2</artifactId>
      <version>2.0.51</version>
      <scope>compile</scope>
    </dependency>
    <dependency>
      <groupId>commons-io</groupId>
      <artifactId>commons-io</artifactId>
      <version>2.16.1</version>
      <scope>compile</scope>
    </dependency>
    <dependency>
      <groupId>javax.annotation</groupId>
      <artifactId>javax.annotation-api</artifactId>
      <version>1.3.2</version>
      <scope>compile</scope>
    </dependency>
  </dependencies>
  <repositories>
    <repository>
      <releases>
        <enabled>false</enabled>
      </releases>
      <id>apache.snapshots</id>
      <name>Apache Snapshot Repository</name>
      <url>https://repository.apache.org/snapshots</url>
    </repository>
  </repositories>
</project>
