<?xml version="1.0" encoding="UTF-8"?>
<!--

       Copyright 2009-2024 the original author or authors.

       Licensed under the Apache License, Version 2.0 (the "License");
       you may not use this file except in compliance with the License.
       You may obtain a copy of the License at

          https://www.apache.org/licenses/LICENSE-2.0

       Unless required by applicable law or agreed to in writing, software
       distributed under the License is distributed on an "AS IS" BASIS,
       WITHOUT WARRANTIES OR CONDITIONS OF ANY KIND, either express or implied.
       See the License for the specific language governing permissions and
       limitations under the License.

-->
<document xmlns="http://maven.apache.org/DOCUMENT/1.0.1" xmlns:xsi="http://www.w3.org/2001/XMLSchema-instance"
  xsi:schemaLocation="http://maven.apache.org/DOCUMENT/1.0.1 https://maven.apache.org/xsd/document-1.0.1.xsd"
  outputName="${project.artifactId}-${project.version}">

  <meta>
    <title>MyBatis - the world's most popular SQL Mapping framework.</title>
    <author>The MyBatis Team</author>
  </meta>

  <toc name="Table of Contents">
    <item name="Introduction" ref="index.xml"/>
    <item name="Getting Started" ref="getting-started.xml"/>
    <item name="Configuration XML" ref="configuration.xml"/>
    <item name="Mapper XML Files" ref="sqlmap-xml.xml"/>
    <item name="Dynamic SQL" ref="dynamic-sql.xml"/>
    <item name="Java API" ref="java-api.xml"/>
    <item name="Statement Builders" ref="statement-builders.xml"/>
    <item name="Logging" ref="logging.xml"/>
  </toc>

  <cover>
    <coverTitle>${project.name}</coverTitle>
    <coverSubTitle>v. ${project.version}</coverSubTitle>
    <coverType>User Guide</coverType>
    <projectName>${project.name}</projectName>
    <projectLogo>https://mybatis.org/images/mybatis-logo.png</projectLogo>
    <companyName>${project.organization.name}</companyName>
  </cover>
</document>
